,regeneration,prompt,response
0,0,"I have two objects. The object in the first picture turns into the object in the second picture. Can you tell me what is in the first picture and what is in the second picture, and how the second picture is different from the first picture? ","In the first picture, you have a toy comprising a stack of colorful rings placed on a base, topped with a bear's head, resembling a bear-shaped stacking toy. The rings are arranged from largest at the bottom to smallest at the top, matching the typical structure of a stacking tower toy for children.

The second picture shows the same toy but with the rings rearranged to form a horizontal line extending from the bear's head with the base placed at the other end, giving the toy the appearance of a crawling caterpillar. This reconfiguration showcases the versatility of the toy and provides a different form of play. The arrangement of the rings still follows the size gradient, with the larger rings closer to the bear's head and the smaller rings toward the tail end. The playful transformation from a bear-shaped stack to a caterpillar shape illustrates how some toys can encourage imagination and creativity in their use."
1,1,"I have two objects. The object in the first picture turns into the object in the second picture. Can you tell me what is in the first picture and what is in the second picture, and how the second picture is different from the first picture? ","The first picture shows a colorful stacking toy shaped like a bear. It consists of a base and several stacked rings of different colors, topped with a bear head.

The second picture shows the same stacking toy, but in a different configuration. The rings and the bear head have been reassembled to form a shape akin to a crawling caterpillar, with the bear head now positioned at one end as the caterpillar's head, and the base serving as the tail end. The orientation of the toy has changed from vertical in the first picture to horizontal in the second, giving the impression that it has transformed from a standing bear into a crawling caterpillar."
2,2,"I have two objects. The object in the first picture turns into the object in the second picture. Can you tell me what is in the first picture and what is in the second picture, and how the second picture is different from the first picture? ","Based on the images provided, the object in the first picture appears to be a colorful stacking toy resembling a bear and comprised of various cylindrical layers with different colors stacked on top of each other. The base is red, and the layers above are purple, blue, green, yellow, and a bear head on top.

In the second picture, it's the same toy, but it has been reassembled to take on a different form. This time, it is arranged horizontally and appears to resemble a caterpillar-like creature with the same red base at one end and the bear's head at the other, with the colorful cylindrical layers in between serving as the body segments. The transformation from a vertically stacked bear to a horizontally arranged caterpillar-like figure illustrates the versatility of this toy, allowing for creative play and the construction of different configurations beyond its initial appearance."
3,0,"I have another two objects. The object in the first picture turns into the object in the second picture. Can you tell me what is in the first picture and what is in the second picture, and how the second picture is different from the first picture?","The first image shows a ceramic bowl that has a white base color decorated with purple printed patterns that resemble floral designs as well as various seemingly random lines or text-like designs. The second image shows what appears to be a bracelet that carries the same design pattern as the ceramic bowl from the first image. The difference between the two images is that the object has transformed from a bowl into a wearable bracelet.

In transforming from the first object to the second, the key changes appear to be as follows:

1. Functionality: The bowl is a container typically used for holding food or liquids, whereas the bracelet is a piece of jewelry meant to be worn around the wrist for decorative purposes.

2. Shape: The bowl has a slightly flared rim and a hollow center for holding contents, while the bracelet is a solid band designed to fit around a wrist.

3. Size: The bracelet would be significantly smaller and designed to a scale appropriate for wear on the body, as opposed to the larger bowl which is proportioned to hold serving-sized quantities of food or other materials.

This kind of transformation suggests that the image may have been digitally altered or represents a conceptual art piece where the pattern of one object is creatively applied to a completely different type of object to show a visual continuity or thematic relationship."
4,1,"I have another two objects. The object in the first picture turns into the object in the second picture. Can you tell me what is in the first picture and what is in the second picture, and how the second picture is different from the first picture?","The first picture is of a white bowl with a decorative pattern that has some purple details and what seem to be musical notes or lines of script.

The second picture shows a transformed version of the object in the first imageâ€”it has become a bracelet. The bowl's design and decorative elements have been retained, and they now adorn the bracelet. The transformation process from the bowl to the bracelet typically involves extracting a section of the original image and manipulating its shape to resemble a piece of jewelry that can fit around a wrist.

The key difference is in the function and form of the object. The original bowl is meant for holding food or liquids, while the reimagined bracelet is a piece of decorative jewelry to be worn. The change has taken the design from a functional kitchenware item to a wearable accessory."
5,2,"I have another two objects. The object in the first picture turns into the object in the second picture. Can you tell me what is in the first picture and what is in the second picture, and how the second picture is different from the first picture?","In the first picture, there is a simple white bowl with decorative purple patterns that resemble traditional ceramic designs, possibly mimicking styles like blue willow or similar vintage designs.

In the second picture, the bowl has been transformed into a bracelet. The shape has been changed to fit around a wrist, and the decorative pattern remains consistent with the original bowl design. The transformation process has involved resizing and reshaping the object from a vessel with a particular utilitarian function into a piece of wearable jewelry. The bracelet retains the aesthetic elements of the bowl but alters its function and form entirely."
6,0,"Given the three comparisons that you made between the two pairs of objects I showed you, can you tell me a general rule for how the objects changed? Be as specific as you can but remember it must apply to all the objects you saw.","Based on the comparisons presented, a general rule for how the objects changed can be summarized as follows:

1. The initial function of the object was altered - The first object in each pair served a specific practical function (a stacking toy for children and a bowl for holding items), while the second object took on a different role (a toy transforming into a caterpillar representing creative play and a bowl turning into a decorative bracelet symbolizing fashion and accessorizing).

2. The form and orientation of the object changed - The toy went from a vertical stacking structure to a horizontal line configuration, and the bowl transformed from a hollow, rounded shape to a flat, circular band.

3. The objects retained their original design elements - Despite the changes in form and function, both pairs of objects preserved the original visual characteristics like color gradients, patterns, and decorative motifs.

In summary, the general rule observed is that the objects underwent a transformation that changed their purpose and physical structure while maintaining the distinctive design features that characterized their original appearance."
7,1,"Given the three comparisons that you made between the two pairs of objects I showed you, can you tell me a general rule for how the objects changed? Be as specific as you can but remember it must apply to all the objects you saw.","The general rule for how the objects changed in all the comparisons is that they were transformed from their original function and form into a different function and form, while retaining their original design elements. Specifically, the objects: 

1. Underwent a change in orientation or configuration (vertical to horizontal, or altering the shape to fit a different purpose).
2. Changed in functionality (from a stacking toy to a figurative toy, from a kitchenware item to a piece of jewelry).
3. Retained the original design, colors, and patterns, which were adapted to fit the new form and function of the transformed object.

In summary, the objects were creatively repurposed, keeping their aesthetic features consistent but altering their usage and physical shape."
8,2,"Given the three comparisons that you made between the two pairs of objects I showed you, can you tell me a general rule for how the objects changed? Be as specific as you can but remember it must apply to all the objects you saw.","The general rule for how the objects changed is that they were transformed from their original form and function into a completely different form and function while retaining some key visual elements or design patterns from the original object. Specifically, the first object served a practical purpose (a toy or a bowl), and the transformation process turned it into a different object that either provided a new form of play (in the case of the toy) or a different type of decorative or functional use (in the case of the bowl to bracelet transformation). The size, orientation, and functionality changed, but the colors, patterns, or decorative motifs remained consistent, illustrating a creative reinterpretation of the initial object's design attributes."
9,0,"The first picture goes through a transformation. With the general rule in mind, do you think it will turn into the second, third or fourth picture? You must choose one among the second, third, and fourth pictures.","Based on the general rule constructed from the comparisons provided (which involves a change in purpose, orientation, or configuration while maintaining original design elements), and examining the images presented, I have to choose one transformation that best adheres to this rule.

The first image is of a Jerky Tonic Cajun bottle in its upright position, which is its usual orientation and presumably its original function as a seasoning sauce.

The second image is the same bottle, but the orientation has changed to a diagonal tilt, while maintaining the original design elements. This alteration fits with point number one regarding a change in orientation.

The third image shows the bottle flipped upside down, also with a tilted orientation. This flip again meets the criteria of a change in orientation or configuration.

The fourth image displays the bottle in its original upright orientation but with a changed label arrangement, indicating a kind of ""roll-over"" or rotation along the length of the bottle, rather than a change in orientation.

Given the transformation rules from the comparisons -- particularly the importance placed on a change in orientation or configuration, I would choose the second image as the one that best adheres to the rule. This is because it exhibits a noticeable change in orientation from vertical to diagonal while retaining the original design elements, meeting the specifications detailed in the general rule."
10,1,"The first picture goes through a transformation. With the general rule in mind, do you think it will turn into the second, third or fourth picture? You must choose one among the second, third, and fourth pictures.","Given the general rule that the objects should retain original design elements and undergo a transformation in configuration without changing their fundamental design characteristics, the first image of the Jerky Tonic will most likely transform into the second image. This is because the second image maintains the same design, including the label and color scheme, but changes the bottle's orientation, which is consistent with the described transformation rules. The third and fourth images have the same orientation as the first and do not demonstrate a noticeable transformation beyond that."
11,2,"The first picture goes through a transformation. With the general rule in mind, do you think it will turn into the second, third or fourth picture? You must choose one among the second, third, and fourth pictures.","To determine which of the second, third, or fourth pictures could represent the transformation of the first picture based on the general rule, let's consider that the objects should undergo a change in orientation or configuration while retaining original design elements.

1. The first picture displays a bottle labeled as ""Jerky Tonic"" in an upright position.
2. The second picture shows the same bottle tilted diagonally, creating a change in orientation, but the physical shape does not transform, and the label's appearance is unchanged.
3. The third picture depicts the bottle in a different diagonal orientation compared to the second picture but very similar to the second picture concerning the transformation aspects.
4. The fourth picture again shows the same bottle in its upright orientation but with a repositioned label, making the bottle look horizontally 'stacked'.

Considering the general rule, the second and third pictures only show a change in the bottle's orientation but lack a substantial transformation in form or function. The fourth picture does illustrate a change in orientation similar to turning a vertical item into a horizontal one. However, the bottle's original function and form remain fundamentally unchanged, which contradicts the notion of a transformation that changes the purpose and physical structure.

None of the images provides a transformation that changes both the function and the form while retaining the original design elements in a way that aligns fully with the rules presented. However, if forced to choose among the options provided, the fourth picture might most closely resemble a change in orientation that suggests a new"
