regeneration,prompt,response
0,"I have two objects. The object in the first picture turns into the object in the second picture. Can you tell me what is in the first picture and what is in the second picture, and how the second picture is different from the first picture?","The first image you've uploaded contains four bowls, each with a unique color and numbered 1 to 4. The second image contains two of these bowls, specifically bowls numbered 3 and 4. The difference between the first and the second image is that the first image shows a full set of four bowls, while the second image shows only half of that set, omitting the first two bowls, which are numbered 1 and 2. Additionally, the bowls that have been omitted from the first to the second image are orange in color, while the remaining bowls are yellow and grey respectively."
1,"I have two objects. The object in the first picture turns into the object in the second picture. Can you tell me what is in the first picture and what is in the second picture, and how the second picture is different from the first picture?","In the first picture, there are four bowls arranged in a two-by-two grid. Each bowl is numbered from 1 to 4. Bowls number 1 and 2 at the top are colored orange, whereas bowls number 3 and 4 at the bottom are colored lime green and grey, respectively. All bowls have a pattern on them.

In the second picture, we only see two bowls, corresponding to bowls number 3 and 4 from the first picture. The lime green and grey bowls remain, while the two orange bowls (number 1 and 2) are no longer present.

The difference between the first and the second picture is the absence of the two orange bowls. The second picture shows only the lime green and grey bowls, maintaining their positions in the bottom row as seen in the first picture."
2,"I have two objects. The object in the first picture turns into the object in the second picture. Can you tell me what is in the first picture and what is in the second picture, and how the second picture is different from the first picture?","In the first picture, there are four bowls, each with a different color: two in shades of orange and one each in green and gray. The bowls are arranged in two rows, with the orange bowls on the top row labeled '1' and '2', and the green and gray bowls on the bottom row labeled '3' and '4'. Each bowl has a textured pattern on it.

The second picture has only two bowls: the green bowl labeled '3' and the gray bowl labeled '4', both of which were present in the first picture on the bottom row. The difference between the first and second picture is the absence of the two orange bowls labeled '1' and '2'. The arrangement and appearance of the green and gray bowls remain the same between the two pictures."
0,"I have two objects. The object in the first picture turns into the object in the second picture. Can you tell me what is in the first picture and what is in the second picture, and how the second picture is different from the first picture?","In the third picture, there are four bowls, each with a different color and labeled with numbers 1 to 4. There is an orange bowl labeled '1', a blue bowl labeled '2', a lighter blue or teal bowl labeled '3', and a darker blue bowl labeled '4'. Like the previous set of bowls, these also have a textured pattern on them.

The fourth picture shows only two bowls: the orange bowl labeled '1' and the lighter blue or teal bowl labeled '3'. The difference between the third and fourth pictures is the absence of the blue bowls labeled '2' and '4'. The remaining bowls appear to be unchanged in color, pattern, and position.
"
1,"I have two objects. The object in the first picture turns into the object in the second picture. Can you tell me what is in the first picture and what is in the second picture, and how the second picture is different from the first picture?","In the third picture, there are four bowls with a patterned texture, each a different color: orange, blue, light blue, and dark blue, labeled '1' to '4' respectively. They are arranged in two rows with the orange and blue bowls on the top row, and the light blue and dark blue bowls on the bottom row.

In the fourth picture, there are only two bowls: the orange bowl labeled '1' and the light blue bowl labeled '3'. These two bowls correspond to the ones in the third picture on the left side of each row. The difference between the third and fourth pictures is that the blue and dark blue bowls labeled '2' and '4' are missing in the fourth picture. The positioning of the remaining orange and light blue bowls appears unchanged."
2,"I have two objects. The object in the first picture turns into the object in the second picture. Can you tell me what is in the first picture and what is in the second picture, and how the second picture is different from the first picture?","In the third picture, there are four bowls arranged in two rows with two bowls in each row. The bowls are numbered from '1' to '4'. Bowls '1' and '3' are orange and light blue, respectively, and are in the first row. Bowls '2' and '4' are dark blue, and they are in the second row. Each bowl has a decorative pattern.

The fourth picture shows only two bowls: the orange bowl labeled '1' and the light blue bowl labeled '3'. The difference between the third and fourth picture is that the two dark blue bowls labeled '2' and '4' are no longer present. The arrangement of the remaining orange and light blue bowls is the same as in the third picture."
0,"I have two objects. The object in the first picture turns into the object in the second picture. Can you tell me what is in the first picture and what is in the second picture, and how the second picture is different from the first picture?","In the fifth picture, there are four items arranged in two rows. In the top row, there is a bright yellow soccer cleat labeled '1' and an orange flower pot labeled '2'. In the bottom row, there is a gray flower pot labeled '3' and a green armchair labeled '4'.

The sixth picture shows just two of the items from the fifth picture: the orange flower pot labeled '2' and the gray flower pot labeled '3'. The difference between the fifth and sixth picture is the absence of the yellow soccer cleat and the green armchair, which were labeled '1' and '4' respectively in the fifth picture. The arrangement of the remaining flower pots is the same as in the fifth picture.
"
1,"I have two objects. The object in the first picture turns into the object in the second picture. Can you tell me what is in the first picture and what is in the second picture, and how the second picture is different from the first picture?","In the fifth picture, there are four items displayed, each with a number label from '1' to '4'. Item '1' is a yellow soccer shoe, '2' is an orange flower pot, '3' is a gray flower pot, and '4' is a chair with a yellowish-green color. These items are arranged in no specific order across the image.

The sixth picture shows only two items: the orange flower pot labeled '2' and the gray flower pot labeled '3'. The yellow soccer shoe labeled '1' and the yellowish-green chair labeled '4' that were present in the fifth picture are absent in the sixth picture. The arrangement of the remaining flower pots in the sixth picture appears the same as in the fifth picture."
2,"I have two objects. The object in the first picture turns into the object in the second picture. Can you tell me what is in the first picture and what is in the second picture, and how the second picture is different from the first picture?","In the fifth picture, there are four objects, each with a number label from '1' to '4'. Object '1' is a yellow soccer cleat, '2' is an orange flowerpot, '3' is a gray flowerpot, and '4' is a yellow armchair. These objects are arranged in no particular order across the image.

In the sixth picture, there are only two objects present: the orange flowerpot labeled '2' and the gray flowerpot labeled '3'. The difference between the fifth and sixth picture is that the yellow soccer cleat labeled '1' and the yellow armchair labeled '4' are no longer present. The arrangement of the two remaining flowerpots is similar to their arrangement in the fifth picture."
0,"Given the three comparisons that you made between the two pairs of objects I showed you, can you tell me a general rule for how the objects changed? Be as specific as you can but remember it must apply to all the objects you saw.","In each pair of images you provided, the transition from the first to the second involves the removal of certain objects:

In the first comparison, two orange bowls were removed from the second image.
In the second comparison, two dark blue bowls were removed from the second image.
In the third comparison, a yellow soccer cleat and a yellow armchair were removed from the second image.
The general rule for the changes in the pictures is that two objects that share a color characteristic are removed from the first image to create the second image."
1,"Given the three comparisons that you made between the two pairs of objects I showed you, can you tell me a general rule for how the objects changed? Be as specific as you can but remember it must apply to all the objects you saw.","Across the three comparisons provided, the general rule of change from the first picture to the second in each pair is the removal of certain items, resulting in fewer objects in the second picture. Specifically, it seems that the second picture in each pair retains only the objects that were in the bottom row of the first picture. If the objects in the images were arranged in rows, the items from the top row are removed in the subsequent image."
2,"Given the three comparisons that you made between the two pairs of objects I showed you, can you tell me a general rule for how the objects changed? Be as specific as you can but remember it must apply to all the objects you saw.","Based on the comparisons of the three pairs of pictures, the general rule of change from the first to the second image in each pair seems to be the removal of specific items while maintaining the remaining items in their original position. The removed items are those that were positioned in the top row or to the left side in the first image of each pair. The items in the bottom row or the right side were retained and appear in the same positions in the second image of each pair. This suggests a pattern where select items are being systematically removed according to their position."
0,Here is a new object. Can you tell me how it is going to change given what you said about the general rule?,"Based on the general rule derived from the previous sets of images, where two objects sharing a common color characteristic were removed to create the second image, we can predict that for the new picture you've provided, the change would involve removing the two objects that share the same color.

In this new image, there are four bowls, with two of them appearing to be yellow. According to the established pattern, if a second picture is created following the rule, the two yellow bowls would be the ones to be removed."
1,Here is a new object. Can you tell me how it is going to change given what you said about the general rule?,"Based on the general rule identified from the previous image sets, where two objects sharing a common color were removed in the transition from the first to the second image, we can anticipate that for the new picture provided, the objects that would be removed in a subsequent image would be the two that share a common color.

In the picture you provided, there are two yellow objects. If we apply the observed rule, the change would involve the removal of these two yellow objects in the next image."
2,Here is a new object. Can you tell me how it is going to change given what you said about the general rule?,"Based on the general rule derived from the previous sets of images, where two objects sharing a common color were removed in the transition to the second image, we can predict that for the new picture you've provided, the two yellow-green bowls (labeled '2' and '4') would be the ones to be removed if a second image were to follow the same rule. This would leave the blue bowl (labeled '1') and the orange bowl (labeled '3') in the next image."
0,Here is a new object. Can you tell me how it is going to change given what you said about the general rule?,"Given the general rule that two objects sharing a common color are removed in the transition to the next image, and based on the new picture provided, the two items that share a similar color are the two yellowish objects: the bowl labeled '2' and the container labeled '3'. If a second image were to follow this rule, these two yellowish items would be removed, leaving the blue bowl labeled '1'."
1,Here is a new object. Can you tell me how it is going to change given what you said about the general rule?,"Based on the general rule observed in the previous image sets where two objects sharing a common color were removed in the transition to the second image, if we apply this rule to the new picture:

- The blue bowl labeled '1' is the only object of its color.
- The yellow-green bowl labeled '2' and the yellow-green cup labeled '3' share a similar color.

So, according to the rule, if there were a subsequent image, the yellow-green bowl labeled '2' and the yellow-green cup labeled '3' would be removed, leaving only the blue bowl labeled '1'."
2,Here is a new object. Can you tell me how it is going to change given what you said about the general rule?,"Given the general rule that two objects sharing a common color are removed in the transition to a second image, in the new picture provided, the two objects that would be removed according to this rule are the yellow-green bowl (labeled '2') and the yellow-green cup (labeled '3'). This would leave only the blue bowl (labeled '1') in the subsequent image."
0,Here is a new object. Can you tell me how it is going to change given what you said about the general rule?,"Applying the general rule that disregards slight differences in the shade of the same color, in the new picture provided, the two objects that would be removed are the orange bowl (labeled '2') and the orange backpack with a dinosaur print (labeled '5'). This is because they are both primarily orange, even if the shades are not exactly the same. This would leave the white soccer cleat (labeled '1'), the blue bowl (labeled '3'), and the gray backpack with a dinosaur print (labeled '4')."
1,Here is a new object. Can you tell me how it is going to change given what you said about the general rule?,"Disregarding the numerical labels and minor differences in shades, and following the general rule that two objects sharing a common color are removed, in the new picture provided, the two objects that would be removed according to this rule could be the orange bowl (labeled '2') and the orange backpack with a dinosaur print (labeled '5'), as they appear to be the most similar in color. This would leave the white soccer cleat (labeled '1'), the blue bowl (labeled '3'), and the gray backpack with a dinosaur print (labeled '4') in the image."
2,Here is a new object. Can you tell me how it is going to change given what you said about the general rule?,"Applying the general rule of removing items with a common color while disregarding slight differences in shade, in the new picture you've provided, the two objects that would be removed are the orange bowl (labeled '2') and the orange backpack with a dinosaur print (labeled '5'). This is because, when ignoring the slight differences in shade, these two items are the ones that share a common color, which in this case is orange."